fgo_predicted_score,fgo_predicted_D_min,svm_feasibility,class_k_p,class_k_q
-373.9207567512767,-0.031279521752766236,0.13900789544631698,15.0,1.1050193753350803
