fgo_predicted_score,svm_feasibility,alpha,margin,lookahead_l,barrier_lookahead_l,Wv,Ww,p_slack,eps_clf
348.9114455961952,4.906919440927965,2.3841672468265624,0.054800443258866446,0.25,0.22,120000.00000000006,3.9913165074394543,499.99999999999983,2.0
