fgo_predicted_score,svm_feasibility,alpha,margin,lookahead_l,barrier_lookahead_l,Wv,Ww,p_slack,eps_clf
331.7458650698631,3.3692525038061545,4.676039441029782,0.07052122930333486,0.25,0.06,95133.98863045221,2.3897187985048722,19.999999999999996,2.0
