fgo_predicted_score,svm_feasibility,class_k_p,class_k_q
82.1004441180921,3.207757462459368,5.976214985010309,1.1347815774106875
