fgo_predicted_score,svm_feasibility,class_k_p,class_k_q
152.39126797011528,2.180342712093855,15.0,1.954977209515949
